<twitter>
	<usuario>
		<nombre>@johnDoe</nombre>
		<alias>ElDesconocido</alias>
		
		<followers>
			<follower nombre="@Sombra" alias="OW_Sombra"> </follower> 
			<follower nombre="@Hope" alias="République_Hope"> </follower> 
			<follower nombre="@Faith" alias="AC_Faith"> </follower> 
		</followers>
		
		<tweet>Lorem ipsum dolor sit amet, consectetur adipiscing elit. Phasellus mollis cursus orci, nec hendrerit purus maximus sed.</tweet>
		<rts>24</rts>
		<mg>59</mg>

		<comentarios> 
			<comentario contenido= "Suspendisse nisl nunc" autor="@Sombra">  </comentario>
			<comentario contenido= "feugiat in augue vel, mollis ultricies turpis." autor="@Hope">  </comentario>
			<comentario contenido= "Aenean consequat molestie tristique." autor="@Faith">  </comentario>
		</comentarios>

	</usuario>
</twitter>